Dataset,Tolerance multiplier,Questions,SMT obligations,Accepted,TA,FA,Correct-accept yield,False-accept risk
XBRLBench,0.0,600,598,291,291,0,48.5,0.0
XBRLBench,0.1,600,598,296,296,0,49.333333333333336,0.0
XBRLBench,0.25,600,598,298,298,0,49.666666666666664,0.0
XBRLBench,0.5,600,598,301,301,0,50.166666666666664,0.0
XBRLBench,1.0,600,598,304,304,0,50.666666666666664,0.0
XBRLBench,2.0,600,598,312,312,0,52.0,0.0
XBRLBench,5.0,600,598,327,327,0,54.5,0.0
XBRLBench,10.0,600,598,348,347,1,57.833333333333336,0.28735632183908044
XBRLBench,25.0,600,598,369,347,22,57.833333333333336,5.9620596205962055
XBRLBench,50.0,600,598,402,351,51,58.5,12.686567164179104
XBRLBench,100.0,600,598,439,354,85,59.0,19.362186788154897
XBRLBench,250.0,600,598,491,357,134,59.5,27.29124236252546
XBRLBench,1000.0,600,598,540,361,179,60.166666666666664,33.148148148148145
FinanceBench,0.0,67,52,14,14,0,20.895522388059703,0.0
FinanceBench,0.1,67,52,16,16,0,23.880597014925375,0.0
FinanceBench,0.25,67,52,17,17,0,25.37313432835821,0.0
FinanceBench,0.5,67,52,19,19,0,28.35820895522388,0.0
FinanceBench,1.0,67,52,24,24,0,35.82089552238806,0.0
FinanceBench,2.0,67,52,26,26,0,38.80597014925373,0.0
FinanceBench,5.0,67,52,27,27,0,40.298507462686565,0.0
FinanceBench,10.0,67,52,30,30,0,44.776119402985074,0.0
FinanceBench,25.0,67,52,30,30,0,44.776119402985074,0.0
FinanceBench,50.0,67,52,32,31,1,46.26865671641791,3.125
FinanceBench,100.0,67,52,35,31,4,46.26865671641791,11.428571428571429
FinanceBench,250.0,67,52,38,32,6,47.76119402985075,15.789473684210526
FinanceBench,1000.0,67,52,45,32,13,47.76119402985075,28.88888888888889
